-- MariaDB dump 10.19  Distrib 10.4.32-MariaDB, for Win64 (AMD64)
--
-- Host: localhost    Database: digital_signature
-- ------------------------------------------------------
-- Server version	10.4.32-MariaDB

/*!40101 SET @OLD_CHARACTER_SET_CLIENT=@@CHARACTER_SET_CLIENT */;
/*!40101 SET @OLD_CHARACTER_SET_RESULTS=@@CHARACTER_SET_RESULTS */;
/*!40101 SET @OLD_COLLATION_CONNECTION=@@COLLATION_CONNECTION */;
/*!40101 SET NAMES utf8mb4 */;
/*!40103 SET @OLD_TIME_ZONE=@@TIME_ZONE */;
/*!40103 SET TIME_ZONE='+00:00' */;
/*!40014 SET @OLD_UNIQUE_CHECKS=@@UNIQUE_CHECKS, UNIQUE_CHECKS=0 */;
/*!40014 SET @OLD_FOREIGN_KEY_CHECKS=@@FOREIGN_KEY_CHECKS, FOREIGN_KEY_CHECKS=0 */;
/*!40101 SET @OLD_SQL_MODE=@@SQL_MODE, SQL_MODE='NO_AUTO_VALUE_ON_ZERO' */;
/*!40111 SET @OLD_SQL_NOTES=@@SQL_NOTES, SQL_NOTES=0 */;

--
-- Table structure for table `audit_logs`
--

DROP TABLE IF EXISTS `audit_logs`;
/*!40101 SET @saved_cs_client     = @@character_set_client */;
/*!40101 SET character_set_client = utf8 */;
CREATE TABLE `audit_logs` (
  `id` int(11) unsigned NOT NULL AUTO_INCREMENT,
  `user_id` int(11) unsigned DEFAULT NULL COMMENT 'ID user yang melakukan aksi',
  `document_id` int(11) unsigned DEFAULT NULL COMMENT 'ID dokumen terkait',
  `action` varchar(50) NOT NULL COMMENT 'Jenis aksi: upload, sign, delete, verify',
  `description` text DEFAULT NULL COMMENT 'Deskripsi detail aksi',
  `ip_address` varchar(45) NOT NULL COMMENT 'IP address user',
  `user_agent` text NOT NULL COMMENT 'User agent browser',
  `created_at` timestamp NULL DEFAULT NULL,
  `updated_at` timestamp NULL DEFAULT NULL,
  PRIMARY KEY (`id`),
  KEY `idx_user_id` (`user_id`),
  KEY `idx_document_id` (`document_id`),
  KEY `idx_action` (`action`),
  KEY `idx_created_at` (`created_at`),
  CONSTRAINT `fk_audit_logs_document_id` FOREIGN KEY (`document_id`) REFERENCES `documents` (`id`) ON DELETE SET NULL ON UPDATE CASCADE,
  CONSTRAINT `fk_audit_logs_user_id` FOREIGN KEY (`user_id`) REFERENCES `users` (`id`) ON DELETE SET NULL ON UPDATE CASCADE
) ENGINE=InnoDB AUTO_INCREMENT=323 DEFAULT CHARSET=utf8mb4 COLLATE=utf8mb4_general_ci;
/*!40101 SET character_set_client = @saved_cs_client */;

--
-- Dumping data for table `audit_logs`
--

LOCK TABLES `audit_logs` WRITE;
/*!40000 ALTER TABLE `audit_logs` DISABLE KEYS */;
INSERT INTO `audit_logs` VALUES (2,2,NULL,'login','User logged in successfully','::1','Mozilla/5.0 (Windows NT 10.0; Win64; x64) AppleWebKit/537.36 (KHTML, like Gecko) Chrome/136.0.0.0 Safari/537.36','2025-06-25 06:04:40','2025-06-25 06:04:40'),(3,2,NULL,'logout','User logged out','::1','Mozilla/5.0 (Windows NT 10.0; Win64; x64) AppleWebKit/537.36 (KHTML, like Gecko) Chrome/136.0.0.0 Safari/537.36','2025-06-25 06:05:07','2025-06-25 06:05:07'),(4,1,NULL,'login','User logged in successfully','::1','Mozilla/5.0 (Windows NT 10.0; Win64; x64) AppleWebKit/537.36 (KHTML, like Gecko) Chrome/136.0.0.0 Safari/537.36','2025-06-25 06:05:15','2025-06-25 06:05:15'),(5,1,NULL,'logout','User logged out','::1','Mozilla/5.0 (Windows NT 10.0; Win64; x64) AppleWebKit/537.36 (KHTML, like Gecko) Chrome/136.0.0.0 Safari/537.36','2025-06-25 06:06:39','2025-06-25 06:06:39'),(6,NULL,NULL,'register','New user registered: user3','::1','Mozilla/5.0 (Windows NT 10.0; Win64; x64) AppleWebKit/537.36 (KHTML, like Gecko) Chrome/136.0.0.0 Safari/537.36','2025-06-25 06:07:54','2025-06-25 06:07:54'),(7,NULL,NULL,'login','User logged in successfully','::1','Mozilla/5.0 (Windows NT 10.0; Win64; x64) AppleWebKit/537.36 (KHTML, like Gecko) Chrome/136.0.0.0 Safari/537.36','2025-06-25 06:08:07','2025-06-25 06:08:07'),(8,NULL,NULL,'logout','User logged out','::1','Mozilla/5.0 (Windows NT 10.0; Win64; x64) AppleWebKit/537.36 (KHTML, like Gecko) Chrome/136.0.0.0 Safari/537.36','2025-06-25 06:36:33','2025-06-25 06:36:33'),(9,2,NULL,'login','User logged in successfully','::1','Mozilla/5.0 (Windows NT 10.0; Win64; x64) AppleWebKit/537.36 (KHTML, like Gecko) Chrome/136.0.0.0 Safari/537.36','2025-06-25 06:38:22','2025-06-25 06:38:22'),(10,2,NULL,'upload','Document uploaded: sertifikat 1.pdf','::1','Mozilla/5.0 (Windows NT 10.0; Win64; x64) AppleWebKit/537.36 (KHTML, like Gecko) Chrome/136.0.0.0 Safari/537.36','2025-06-25 06:39:23','2025-06-25 06:39:23'),(11,2,NULL,'upload','Document uploaded: sertifikat 1.pdf','::1','Mozilla/5.0 (Windows NT 10.0; Win64; x64) AppleWebKit/537.36 (KHTML, like Gecko) Chrome/136.0.0.0 Safari/537.36','2025-06-25 06:40:01','2025-06-25 06:40:01'),(12,2,NULL,'upload','Document uploaded: sertifikat 2.pdf','::1','Mozilla/5.0 (Windows NT 10.0; Win64; x64) AppleWebKit/537.36 (KHTML, like Gecko) Chrome/136.0.0.0 Safari/537.36','2025-06-25 06:40:06','2025-06-25 06:40:06'),(13,2,NULL,'logout','User logged out','::1','Mozilla/5.0 (Windows NT 10.0; Win64; x64) AppleWebKit/537.36 (KHTML, like Gecko) Chrome/136.0.0.0 Safari/537.36','2025-06-25 06:41:50','2025-06-25 06:41:50'),(14,2,NULL,'login','User logged in successfully','::1','Mozilla/5.0 (Windows NT 10.0; Win64; x64) AppleWebKit/537.36 (KHTML, like Gecko) Chrome/136.0.0.0 Safari/537.36','2025-06-25 06:41:56','2025-06-25 06:41:56'),(15,2,NULL,'upload','Document uploaded: sertifikat 1.pdf','::1','Mozilla/5.0 (Windows NT 10.0; Win64; x64) AppleWebKit/537.36 (KHTML, like Gecko) Chrome/136.0.0.0 Safari/537.36','2025-06-25 06:43:12','2025-06-25 06:43:12'),(16,2,NULL,'logout','User logged out','::1','Mozilla/5.0 (Windows NT 10.0; Win64; x64) AppleWebKit/537.36 (KHTML, like Gecko) Chrome/136.0.0.0 Safari/537.36','2025-06-25 08:15:39','2025-06-25 08:15:39'),(17,2,NULL,'login','User logged in successfully','::1','Mozilla/5.0 (Windows NT 10.0; Win64; x64) AppleWebKit/537.36 (KHTML, like Gecko) Chrome/136.0.0.0 Safari/537.36','2025-06-25 08:15:46','2025-06-25 08:15:46'),(18,2,NULL,'upload','Document uploaded: sertifikat 1.pdf','::1','Mozilla/5.0 (Windows NT 10.0; Win64; x64) AppleWebKit/537.36 (KHTML, like Gecko) Chrome/136.0.0.0 Safari/537.36','2025-06-25 08:16:02','2025-06-25 08:16:02'),(19,2,NULL,'logout','User logged out','::1','Mozilla/5.0 (Windows NT 10.0; Win64; x64) AppleWebKit/537.36 (KHTML, like Gecko) Chrome/136.0.0.0 Safari/537.36','2025-06-25 08:46:09','2025-06-25 08:46:09'),(20,2,NULL,'login','User logged in successfully','::1','Mozilla/5.0 (Windows NT 10.0; Win64; x64) AppleWebKit/537.36 (KHTML, like Gecko) Chrome/136.0.0.0 Safari/537.36','2025-06-25 08:46:16','2025-06-25 08:46:16'),(21,2,NULL,'logout','User logged out','::1','Mozilla/5.0 (Windows NT 10.0; Win64; x64) AppleWebKit/537.36 (KHTML, like Gecko) Chrome/136.0.0.0 Safari/537.36','2025-06-25 08:51:19','2025-06-25 08:51:19'),(22,2,NULL,'login','User logged in successfully','::1','Mozilla/5.0 (Windows NT 10.0; Win64; x64) AppleWebKit/537.36 (KHTML, like Gecko) Chrome/136.0.0.0 Safari/537.36','2025-06-25 08:51:24','2025-06-25 08:51:24'),(23,2,NULL,'logout','User logged out','::1','Mozilla/5.0 (Windows NT 10.0; Win64; x64) AppleWebKit/537.36 (KHTML, like Gecko) Chrome/136.0.0.0 Safari/537.36','2025-06-25 09:21:06','2025-06-25 09:21:06'),(24,2,NULL,'login','User logged in successfully','::1','Mozilla/5.0 (Windows NT 10.0; Win64; x64) AppleWebKit/537.36 (KHTML, like Gecko) Chrome/136.0.0.0 Safari/537.36','2025-06-25 09:21:12','2025-06-25 09:21:12'),(74,NULL,NULL,'upload','Document uploaded: sertifikat 1.pdf','::1','Mozilla/5.0 (Windows NT 10.0; Win64; x64) AppleWebKit/537.36 (KHTML, like Gecko) Chrome/136.0.0.0 Safari/537.36','2025-06-25 22:34:56','2025-06-25 22:34:56'),(75,NULL,NULL,'sign','Document signed by: Bujang','::1','Mozilla/5.0 (Windows NT 10.0; Win64; x64) AppleWebKit/537.36 (KHTML, like Gecko) Chrome/136.0.0.0 Safari/537.36','2025-06-25 22:35:05','2025-06-25 22:35:05'),(86,2,NULL,'upload','Document uploaded: pernyataan .pdf','::1','Mozilla/5.0 (Windows NT 10.0; Win64; x64) AppleWebKit/537.36 (KHTML, like Gecko) Chrome/136.0.0.0 Safari/537.36','2025-06-25 22:38:04','2025-06-25 22:38:04'),(95,2,NULL,'upload','Document uploaded: Paragraf_Dua_QRCode_TTDigital.pdf','::1','Mozilla/5.0 (Windows NT 10.0; Win64; x64) AppleWebKit/537.36 (KHTML, like Gecko) Chrome/136.0.0.0 Safari/537.36','2025-06-25 23:30:48','2025-06-25 23:30:48'),(96,2,NULL,'upload','Document uploaded: Paragraf_Dua_QRCode_TTDigital.pdf','::1','Mozilla/5.0 (Windows NT 10.0; Win64; x64) AppleWebKit/537.36 (KHTML, like Gecko) Chrome/136.0.0.0 Safari/537.36','2025-06-25 23:31:16','2025-06-25 23:31:16'),(100,2,NULL,'upload','Document uploaded: Paragraf_Dua_QRCode_TTDigital.pdf','::1','Mozilla/5.0 (Windows NT 10.0; Win64; x64) AppleWebKit/537.36 (KHTML, like Gecko) Chrome/136.0.0.0 Safari/537.36','2025-06-25 23:32:39','2025-06-25 23:32:39'),(103,2,NULL,'upload','Document uploaded: Paragraf_Dua_QRCode_TTDigital.pdf','::1','Mozilla/5.0 (Windows NT 10.0; Win64; x64) AppleWebKit/537.36 (KHTML, like Gecko) Chrome/136.0.0.0 Safari/537.36','2025-06-26 00:14:22','2025-06-26 00:14:22'),(104,2,NULL,'upload','Document uploaded: Paragraf_Dua_TTD_QRCode_Sederhana.pdf','::1','Mozilla/5.0 (Windows NT 10.0; Win64; x64) AppleWebKit/537.36 (KHTML, like Gecko) Chrome/136.0.0.0 Safari/537.36','2025-06-26 00:24:21','2025-06-26 00:24:21'),(105,2,NULL,'sign','Document signed by: John Doe','::1','Mozilla/5.0 (Windows NT 10.0; Win64; x64) AppleWebKit/537.36 (KHTML, like Gecko) Chrome/136.0.0.0 Safari/537.36','2025-06-26 00:24:35','2025-06-26 00:24:35'),(111,2,NULL,'sign','Document signed by: John Doe','::1','Mozilla/5.0 (Windows NT 10.0; Win64; x64) AppleWebKit/537.36 (KHTML, like Gecko) Chrome/136.0.0.0 Safari/537.36','2025-06-26 00:34:06','2025-06-26 00:34:06'),(115,2,NULL,'upload','Document uploaded: Paragraf_Dua_TTD_QRCode_Sederhana.pdf','::1','Mozilla/5.0 (Windows NT 10.0; Win64; x64) AppleWebKit/537.36 (KHTML, like Gecko) Chrome/136.0.0.0 Safari/537.36','2025-06-26 00:35:48','2025-06-26 00:35:48'),(116,2,NULL,'sign','Document signed by: John Doe','::1','Mozilla/5.0 (Windows NT 10.0; Win64; x64) AppleWebKit/537.36 (KHTML, like Gecko) Chrome/136.0.0.0 Safari/537.36','2025-06-26 00:35:53','2025-06-26 00:35:53'),(128,2,NULL,'upload','Document uploaded: Paragraf_Dua_QRCode_TTDigital.pdf','::1','Mozilla/5.0 (Windows NT 10.0; Win64; x64) AppleWebKit/537.36 (KHTML, like Gecko) Chrome/136.0.0.0 Safari/537.36','2025-06-26 00:37:17','2025-06-26 00:37:17'),(129,2,50,'upload','Document uploaded: sertifikat 1.pdf','::1','Mozilla/5.0 (Windows NT 10.0; Win64; x64) AppleWebKit/537.36 (KHTML, like Gecko) Chrome/136.0.0.0 Safari/537.36','2025-06-26 00:37:33','2025-06-26 00:37:33'),(134,2,50,'sign','Document signed by: John Doe','::1','Mozilla/5.0 (Windows NT 10.0; Win64; x64) AppleWebKit/537.36 (KHTML, like Gecko) Chrome/136.0.0.0 Safari/537.36','2025-06-26 00:40:36','2025-06-26 00:40:36'),(139,1,NULL,'admin_create_user','Admin created new user: testuser','::1','Mozilla/5.0 (Windows NT 10.0; Win64; x64) AppleWebKit/537.36 (KHTML, like Gecko) Chrome/136.0.0.0 Safari/537.36','2025-06-26 06:57:13','2025-06-26 06:57:13'),(150,1,NULL,'user_status_change','Admin deactivated user: testuser','::1','Mozilla/5.0 (Windows NT 10.0; Win64; x64) AppleWebKit/537.36 (KHTML, like Gecko) Chrome/136.0.0.0 Safari/537.36','2025-06-26 20:04:39','2025-06-26 20:04:39'),(151,1,NULL,'user_status_change','Admin activated user: testuser','::1','Mozilla/5.0 (Windows NT 10.0; Win64; x64) AppleWebKit/537.36 (KHTML, like Gecko) Chrome/136.0.0.0 Safari/537.36','2025-06-26 20:04:43','2025-06-26 20:04:43'),(152,1,NULL,'user_status_change','Admin deactivated user: testuser','::1','Mozilla/5.0 (Windows NT 10.0; Win64; x64) AppleWebKit/537.36 (KHTML, like Gecko) Chrome/136.0.0.0 Safari/537.36','2025-06-26 20:04:44','2025-06-26 20:04:44'),(153,1,NULL,'user_status_change','Admin deactivated user: user2','::1','Mozilla/5.0 (Windows NT 10.0; Win64; x64) AppleWebKit/537.36 (KHTML, like Gecko) Chrome/136.0.0.0 Safari/537.36','2025-06-26 20:04:45','2025-06-26 20:04:45'),(154,1,NULL,'user_status_change','Admin deactivated user: user1','::1','Mozilla/5.0 (Windows NT 10.0; Win64; x64) AppleWebKit/537.36 (KHTML, like Gecko) Chrome/136.0.0.0 Safari/537.36','2025-06-26 20:04:46','2025-06-26 20:04:46'),(155,1,NULL,'user_status_change','Admin deactivated user: user3','::1','Mozilla/5.0 (Windows NT 10.0; Win64; x64) AppleWebKit/537.36 (KHTML, like Gecko) Chrome/136.0.0.0 Safari/537.36','2025-06-26 20:04:47','2025-06-26 20:04:47'),(156,1,NULL,'user_delete','Admin deleted user: testuser','::1','Mozilla/5.0 (Windows NT 10.0; Win64; x64) AppleWebKit/537.36 (KHTML, like Gecko) Chrome/136.0.0.0 Safari/537.36','2025-06-26 20:04:50','2025-06-26 20:04:50'),(159,1,NULL,'user_status_change','Admin activated user: user3','::1','Mozilla/5.0 (Windows NT 10.0; Win64; x64) AppleWebKit/537.36 (KHTML, like Gecko) Chrome/136.0.0.0 Safari/537.36','2025-06-26 20:05:41','2025-06-26 20:05:41'),(160,1,NULL,'user_create','Admin created new user: user4','::1','Mozilla/5.0 (Windows NT 10.0; Win64; x64) AppleWebKit/537.36 (KHTML, like Gecko) Chrome/136.0.0.0 Safari/537.36','2025-06-26 20:06:42','2025-06-26 20:06:42'),(161,1,NULL,'user_status_change','Admin deactivated user: user4','::1','Mozilla/5.0 (Windows NT 10.0; Win64; x64) AppleWebKit/537.36 (KHTML, like Gecko) Chrome/136.0.0.0 Safari/537.36','2025-06-26 20:06:54','2025-06-26 20:06:54'),(162,1,NULL,'user_status_change','Admin deactivated user: user3','::1','Mozilla/5.0 (Windows NT 10.0; Win64; x64) AppleWebKit/537.36 (KHTML, like Gecko) Chrome/136.0.0.0 Safari/537.36','2025-06-26 20:10:09','2025-06-26 20:10:09'),(163,1,NULL,'user_delete','Admin deleted user: user4','::1','Mozilla/5.0 (Windows NT 10.0; Win64; x64) AppleWebKit/537.36 (KHTML, like Gecko) Chrome/136.0.0.0 Safari/537.36','2025-06-26 20:10:25','2025-06-26 20:10:25'),(164,1,NULL,'user_status_change','Admin activated user: user1','::1','Mozilla/5.0 (Windows NT 10.0; Win64; x64) AppleWebKit/537.36 (KHTML, like Gecko) Chrome/136.0.0.0 Safari/537.36','2025-06-26 20:13:38','2025-06-26 20:13:38'),(171,1,NULL,'user_status_change','Admin activated user: user3','::1','Mozilla/5.0 (Windows NT 10.0; Win64; x64) AppleWebKit/537.36 (KHTML, like Gecko) Chrome/136.0.0.0 Safari/537.36','2025-06-26 20:16:21','2025-06-26 20:16:21'),(172,1,NULL,'user_status_change','Admin activated user: user2','::1','Mozilla/5.0 (Windows NT 10.0; Win64; x64) AppleWebKit/537.36 (KHTML, like Gecko) Chrome/136.0.0.0 Safari/537.36','2025-06-26 20:17:22','2025-06-26 20:17:22'),(180,1,NULL,'user_status_change','Admin deactivated user: user1','::1','Mozilla/5.0 (Windows NT 10.0; Win64; x64) AppleWebKit/537.36 (KHTML, like Gecko) Chrome/136.0.0.0 Safari/537.36','2025-06-26 20:25:28','2025-06-26 20:25:28'),(181,1,NULL,'user_status_change','Admin activated user: user1','::1','Mozilla/5.0 (Windows NT 10.0; Win64; x64) AppleWebKit/537.36 (KHTML, like Gecko) Chrome/136.0.0.0 Safari/537.36','2025-06-26 20:25:29','2025-06-26 20:25:29'),(182,1,NULL,'user_status_change','Admin deactivated user: user1','::1','Mozilla/5.0 (Windows NT 10.0; Win64; x64) AppleWebKit/537.36 (KHTML, like Gecko) Chrome/136.0.0.0 Safari/537.36','2025-06-26 20:27:01','2025-06-26 20:27:01'),(183,1,NULL,'user_status_change','Admin activated user: user1','::1','Mozilla/5.0 (Windows NT 10.0; Win64; x64) AppleWebKit/537.36 (KHTML, like Gecko) Chrome/136.0.0.0 Safari/537.36','2025-06-26 20:27:03','2025-06-26 20:27:03'),(184,1,NULL,'user_create','Admin created new user: user4','::1','Mozilla/5.0 (Windows NT 10.0; Win64; x64) AppleWebKit/537.36 (KHTML, like Gecko) Chrome/136.0.0.0 Safari/537.36','2025-06-26 20:29:11','2025-06-26 20:29:11'),(185,1,NULL,'user_delete','Admin deleted user: user4','::1','Mozilla/5.0 (Windows NT 10.0; Win64; x64) AppleWebKit/537.36 (KHTML, like Gecko) Chrome/136.0.0.0 Safari/537.36','2025-06-26 20:30:23','2025-06-26 20:30:23'),(186,1,NULL,'user_status_change','Admin deactivated user: user1','::1','Mozilla/5.0 (Windows NT 10.0; Win64; x64) AppleWebKit/537.36 (KHTML, like Gecko) Chrome/136.0.0.0 Safari/537.36','2025-06-26 21:46:16','2025-06-26 21:46:16'),(187,1,NULL,'user_status_change','Admin activated user: user1','::1','Mozilla/5.0 (Windows NT 10.0; Win64; x64) AppleWebKit/537.36 (KHTML, like Gecko) Chrome/136.0.0.0 Safari/537.36','2025-06-26 21:46:19','2025-06-26 21:46:19'),(193,1,NULL,'user_status_change','Admin deactivated user: vioreta','::1','Mozilla/5.0 (Windows NT 10.0; Win64; x64) AppleWebKit/537.36 (KHTML, like Gecko) Chrome/136.0.0.0 Safari/537.36','2025-06-26 21:53:33','2025-06-26 21:53:33'),(194,1,NULL,'user_status_change','Admin activated user: vioreta','::1','Mozilla/5.0 (Windows NT 10.0; Win64; x64) AppleWebKit/537.36 (KHTML, like Gecko) Chrome/136.0.0.0 Safari/537.36','2025-06-26 21:53:35','2025-06-26 21:53:35'),(195,1,NULL,'user_status_change','Admin deactivated user: user2','::1','Mozilla/5.0 (Windows NT 10.0; Win64; x64) AppleWebKit/537.36 (KHTML, like Gecko) Chrome/136.0.0.0 Safari/537.36','2025-06-26 21:53:46','2025-06-26 21:53:46'),(196,1,NULL,'user_status_change','Admin activated user: user2','::1','Mozilla/5.0 (Windows NT 10.0; Win64; x64) AppleWebKit/537.36 (KHTML, like Gecko) Chrome/136.0.0.0 Safari/537.36','2025-06-26 21:53:48','2025-06-26 21:53:48'),(197,1,NULL,'user_status_change','Admin deactivated user: user2','::1','Mozilla/5.0 (Windows NT 10.0; Win64; x64) AppleWebKit/537.36 (KHTML, like Gecko) Chrome/136.0.0.0 Safari/537.36','2025-06-26 21:53:49','2025-06-26 21:53:49'),(198,1,NULL,'user_status_change','Admin activated user: user2','::1','Mozilla/5.0 (Windows NT 10.0; Win64; x64) AppleWebKit/537.36 (KHTML, like Gecko) Chrome/136.0.0.0 Safari/537.36','2025-06-26 21:53:51','2025-06-26 21:53:51'),(199,1,NULL,'user_status_change','Admin deactivated user: user1','::1','Mozilla/5.0 (Windows NT 10.0; Win64; x64) AppleWebKit/537.36 (KHTML, like Gecko) Chrome/136.0.0.0 Safari/537.36','2025-06-26 21:54:16','2025-06-26 21:54:16'),(200,1,NULL,'user_status_change','Admin activated user: user1','::1','Mozilla/5.0 (Windows NT 10.0; Win64; x64) AppleWebKit/537.36 (KHTML, like Gecko) Chrome/136.0.0.0 Safari/537.36','2025-06-26 21:54:17','2025-06-26 21:54:17'),(203,8,51,'upload','Document uploaded: Paragraf_Dua_QRCode_TTDigital.pdf','::1','Mozilla/5.0 (Windows NT 10.0; Win64; x64) AppleWebKit/537.36 (KHTML, like Gecko) Chrome/136.0.0.0 Safari/537.36','2025-06-26 21:58:25','2025-06-26 21:58:25'),(204,8,51,'sign','Document signed by: Vioreta Yelian','::1','Mozilla/5.0 (Windows NT 10.0; Win64; x64) AppleWebKit/537.36 (KHTML, like Gecko) Chrome/136.0.0.0 Safari/537.36','2025-06-26 21:58:32','2025-06-26 21:58:32'),(210,1,NULL,'user_status_change','Admin deactivated user: user1','::1','Mozilla/5.0 (Windows NT 10.0; Win64; x64) AppleWebKit/537.36 (KHTML, like Gecko) Chrome/136.0.0.0 Safari/537.36','2025-06-26 22:04:56','2025-06-26 22:04:56'),(211,1,NULL,'user_status_change','Admin activated user: user1','::1','Mozilla/5.0 (Windows NT 10.0; Win64; x64) AppleWebKit/537.36 (KHTML, like Gecko) Chrome/136.0.0.0 Safari/537.36','2025-06-26 22:04:58','2025-06-26 22:04:58'),(212,1,NULL,'user_delete','Admin deleted user: user3','::1','Mozilla/5.0 (Windows NT 10.0; Win64; x64) AppleWebKit/537.36 (KHTML, like Gecko) Chrome/136.0.0.0 Safari/537.36','2025-06-26 22:05:24','2025-06-26 22:05:24'),(216,1,NULL,'user_status_change','Admin deactivated user: vioreta','::1','Mozilla/5.0 (Windows NT 10.0; Win64; x64) AppleWebKit/537.36 (KHTML, like Gecko) Chrome/136.0.0.0 Safari/537.36','2025-06-26 22:18:39','2025-06-26 22:18:39'),(221,1,NULL,'user_status_change','Admin activated user: vioreta','::1','Mozilla/5.0 (Windows NT 10.0; Win64; x64) AppleWebKit/537.36 (KHTML, like Gecko) Chrome/136.0.0.0 Safari/537.36','2025-06-26 22:20:06','2025-06-26 22:20:06'),(232,1,NULL,'user_update','Admin updated user: user2','::1','Mozilla/5.0 (Windows NT 10.0; Win64; x64) AppleWebKit/537.36 (KHTML, like Gecko) Chrome/136.0.0.0 Safari/537.36','2025-06-27 01:25:27','2025-06-27 01:25:27'),(234,8,NULL,'login','User logged in successfully','::1','Mozilla/5.0 (Windows NT 10.0; Win64; x64) AppleWebKit/537.36 (KHTML, like Gecko) Chrome/136.0.0.0 Safari/537.36','2025-06-27 02:35:15','2025-06-27 02:35:15'),(235,8,NULL,'logout','User logged out','::1','Mozilla/5.0 (Windows NT 10.0; Win64; x64) AppleWebKit/537.36 (KHTML, like Gecko) Chrome/136.0.0.0 Safari/537.36','2025-06-27 02:35:30','2025-06-27 02:35:30'),(236,8,NULL,'login','User logged in successfully','::1','Mozilla/5.0 (Windows NT 10.0; Win64; x64) AppleWebKit/537.36 (KHTML, like Gecko) Chrome/136.0.0.0 Safari/537.36','2025-06-27 02:35:35','2025-06-27 02:35:35'),(237,8,NULL,'profile_update','User updated profile: Vioreta Pakpahan','::1','Mozilla/5.0 (Windows NT 10.0; Win64; x64) AppleWebKit/537.36 (KHTML, like Gecko) Chrome/136.0.0.0 Safari/537.36','2025-06-27 02:55:58','2025-06-27 02:55:58'),(238,8,NULL,'profile_update','User updated profile: Vioreta Yelian','::1','Mozilla/5.0 (Windows NT 10.0; Win64; x64) AppleWebKit/537.36 (KHTML, like Gecko) Chrome/136.0.0.0 Safari/537.36','2025-06-27 02:56:21','2025-06-27 02:56:21'),(239,8,NULL,'profile_update','User updated profile: Vioreta Yelian','::1','Mozilla/5.0 (Windows NT 10.0; Win64; x64) AppleWebKit/537.36 (KHTML, like Gecko) Chrome/136.0.0.0 Safari/537.36','2025-06-27 02:56:44','2025-06-27 02:56:44'),(240,8,NULL,'logout','User logged out','::1','Mozilla/5.0 (Windows NT 10.0; Win64; x64) AppleWebKit/537.36 (KHTML, like Gecko) Chrome/136.0.0.0 Safari/537.36','2025-06-27 02:56:48','2025-06-27 02:56:48'),(241,8,NULL,'login','User logged in successfully','::1','Mozilla/5.0 (Windows NT 10.0; Win64; x64) AppleWebKit/537.36 (KHTML, like Gecko) Chrome/136.0.0.0 Safari/537.36','2025-06-27 02:56:57','2025-06-27 02:56:57'),(242,8,NULL,'logout','User logged out','::1','Mozilla/5.0 (Windows NT 10.0; Win64; x64) AppleWebKit/537.36 (KHTML, like Gecko) Chrome/136.0.0.0 Safari/537.36','2025-06-27 02:57:49','2025-06-27 02:57:49'),(243,8,NULL,'login','User logged in successfully','::1','Mozilla/5.0 (Windows NT 10.0; Win64; x64) AppleWebKit/537.36 (KHTML, like Gecko) Chrome/136.0.0.0 Safari/537.36','2025-06-27 02:57:57','2025-06-27 02:57:57'),(244,8,NULL,'profile_update','User updated profile: Vioreta Pakpahan','::1','Mozilla/5.0 (Windows NT 10.0; Win64; x64) AppleWebKit/537.36 (KHTML, like Gecko) Chrome/136.0.0.0 Safari/537.36','2025-06-27 02:58:10','2025-06-27 02:58:10'),(245,8,NULL,'profile_update','User updated profile: Vioreta Pakpahan','::1','Mozilla/5.0 (Windows NT 10.0; Win64; x64) AppleWebKit/537.36 (KHTML, like Gecko) Chrome/136.0.0.0 Safari/537.36','2025-06-27 02:58:29','2025-06-27 02:58:29'),(246,8,NULL,'logout','User logged out','::1','Mozilla/5.0 (Windows NT 10.0; Win64; x64) AppleWebKit/537.36 (KHTML, like Gecko) Chrome/136.0.0.0 Safari/537.36','2025-06-27 02:58:35','2025-06-27 02:58:35'),(247,1,NULL,'login','User logged in successfully','::1','Mozilla/5.0 (Windows NT 10.0; Win64; x64) AppleWebKit/537.36 (KHTML, like Gecko) Chrome/136.0.0.0 Safari/537.36','2025-06-27 02:58:40','2025-06-27 02:58:40'),(248,1,NULL,'login','User logged in successfully','::1','Mozilla/5.0 (Windows NT 10.0; Win64; x64) AppleWebKit/537.36 (KHTML, like Gecko) Chrome/136.0.0.0 Safari/537.36','2025-06-28 02:26:01','2025-06-28 02:26:01'),(249,1,NULL,'logout','User logged out','::1','Mozilla/5.0 (Windows NT 10.0; Win64; x64) AppleWebKit/537.36 (KHTML, like Gecko) Chrome/136.0.0.0 Safari/537.36','2025-06-28 02:26:53','2025-06-28 02:26:53'),(250,8,NULL,'login','User logged in successfully','::1','Mozilla/5.0 (Windows NT 10.0; Win64; x64) AppleWebKit/537.36 (KHTML, like Gecko) Chrome/136.0.0.0 Safari/537.36','2025-06-28 02:26:57','2025-06-28 02:26:57'),(252,8,52,'upload','Document uploaded: Paragraf_Tanda_Tangan_Digital.pdf','::1','Mozilla/5.0 (Windows NT 10.0; Win64; x64) AppleWebKit/537.36 (KHTML, like Gecko) Chrome/136.0.0.0 Safari/537.36','2025-06-28 02:28:43','2025-06-28 02:28:43'),(253,8,52,'sign','Document signed by: Vioreta Keren','::1','Mozilla/5.0 (Windows NT 10.0; Win64; x64) AppleWebKit/537.36 (KHTML, like Gecko) Chrome/136.0.0.0 Safari/537.36','2025-06-28 02:28:59','2025-06-28 02:28:59'),(254,8,NULL,'logout','User logged out','::1','Mozilla/5.0 (Windows NT 10.0; Win64; x64) AppleWebKit/537.36 (KHTML, like Gecko) Chrome/136.0.0.0 Safari/537.36','2025-06-28 02:29:45','2025-06-28 02:29:45'),(255,1,NULL,'login','User logged in successfully','::1','Mozilla/5.0 (Windows NT 10.0; Win64; x64) AppleWebKit/537.36 (KHTML, like Gecko) Chrome/136.0.0.0 Safari/537.36','2025-06-28 02:29:50','2025-06-28 02:29:50'),(256,1,NULL,'logout','User logged out','::1','Mozilla/5.0 (Windows NT 10.0; Win64; x64) AppleWebKit/537.36 (KHTML, like Gecko) Chrome/136.0.0.0 Safari/537.36','2025-06-28 02:34:59','2025-06-28 02:34:59'),(257,2,NULL,'login','User logged in successfully','::1','Mozilla/5.0 (Windows NT 10.0; Win64; x64) AppleWebKit/537.36 (KHTML, like Gecko) Chrome/136.0.0.0 Safari/537.36','2025-06-28 02:35:03','2025-06-28 02:35:03'),(258,2,NULL,'upload','Document uploaded: paragraf.pdf','::1','Mozilla/5.0 (Windows NT 10.0; Win64; x64) AppleWebKit/537.36 (KHTML, like Gecko) Chrome/136.0.0.0 Safari/537.36','2025-06-28 03:08:03','2025-06-28 03:08:03'),(259,2,NULL,'sign','Document signed by: John Doe','::1','Mozilla/5.0 (Windows NT 10.0; Win64; x64) AppleWebKit/537.36 (KHTML, like Gecko) Chrome/136.0.0.0 Safari/537.36','2025-06-28 03:09:01','2025-06-28 03:09:01'),(261,2,NULL,'upload','Document uploaded: sertifikat 3.pdf','::1','Mozilla/5.0 (Windows NT 10.0; Win64; x64) AppleWebKit/537.36 (KHTML, like Gecko) Chrome/136.0.0.0 Safari/537.36','2025-06-28 03:29:05','2025-06-28 03:29:05'),(262,2,NULL,'upload','Document uploaded: GGWP.pdf','::1','Mozilla/5.0 (Windows NT 10.0; Win64; x64) AppleWebKit/537.36 (KHTML, like Gecko) Chrome/136.0.0.0 Safari/537.36','2025-06-28 03:29:53','2025-06-28 03:29:53'),(269,2,NULL,'upload','Document uploaded: paragraf.pdf','::1','Mozilla/5.0 (Windows NT 10.0; Win64; x64) AppleWebKit/537.36 (KHTML, like Gecko) Chrome/136.0.0.0 Safari/537.36','2025-06-28 07:51:43','2025-06-28 07:51:43'),(271,2,57,'upload','Document uploaded: paragraf.pdf','::1','Mozilla/5.0 (Windows NT 10.0; Win64; x64) AppleWebKit/537.36 (KHTML, like Gecko) Chrome/136.0.0.0 Safari/537.36','2025-06-28 07:55:33','2025-06-28 07:55:33'),(272,2,57,'sign','Document signed by: John Doe','::1','Mozilla/5.0 (Windows NT 10.0; Win64; x64) AppleWebKit/537.36 (KHTML, like Gecko) Chrome/136.0.0.0 Safari/537.36','2025-06-28 07:55:41','2025-06-28 07:55:41'),(274,2,NULL,'logout','User logged out','::1','Mozilla/5.0 (Windows NT 10.0; Win64; x64) AppleWebKit/537.36 (KHTML, like Gecko) Chrome/136.0.0.0 Safari/537.36','2025-06-28 08:01:47','2025-06-28 08:01:47'),(275,8,NULL,'login','User logged in successfully','::1','Mozilla/5.0 (Windows NT 10.0; Win64; x64) AppleWebKit/537.36 (KHTML, like Gecko) Chrome/136.0.0.0 Safari/537.36','2025-06-28 08:01:54','2025-06-28 08:01:54'),(276,8,58,'upload','Document uploaded: semoga ada qr.pdf','::1','Mozilla/5.0 (Windows NT 10.0; Win64; x64) AppleWebKit/537.36 (KHTML, like Gecko) Chrome/136.0.0.0 Safari/537.36','2025-06-28 08:02:17','2025-06-28 08:02:17'),(277,8,NULL,'logout','User logged out','::1','Mozilla/5.0 (Windows NT 10.0; Win64; x64) AppleWebKit/537.36 (KHTML, like Gecko) Chrome/136.0.0.0 Safari/537.36','2025-06-28 08:02:28','2025-06-28 08:02:28'),(278,1,NULL,'login','User logged in successfully','::1','Mozilla/5.0 (Windows NT 10.0; Win64; x64) AppleWebKit/537.36 (KHTML, like Gecko) Chrome/136.0.0.0 Safari/537.36','2025-06-28 08:02:32','2025-06-28 08:02:32'),(279,1,NULL,'logout','User logged out','::1','Mozilla/5.0 (Windows NT 10.0; Win64; x64) AppleWebKit/537.36 (KHTML, like Gecko) Chrome/136.0.0.0 Safari/537.36','2025-06-28 08:04:03','2025-06-28 08:04:03'),(280,8,NULL,'login','User logged in successfully','::1','Mozilla/5.0 (Windows NT 10.0; Win64; x64) AppleWebKit/537.36 (KHTML, like Gecko) Chrome/136.0.0.0 Safari/537.36','2025-06-28 08:04:08','2025-06-28 08:04:08'),(281,8,NULL,'logout','User logged out','::1','Mozilla/5.0 (Windows NT 10.0; Win64; x64) AppleWebKit/537.36 (KHTML, like Gecko) Chrome/136.0.0.0 Safari/537.36','2025-06-28 08:36:54','2025-06-28 08:36:54'),(282,1,NULL,'login','User logged in successfully','::1','Mozilla/5.0 (Windows NT 10.0; Win64; x64) AppleWebKit/537.36 (KHTML, like Gecko) Chrome/136.0.0.0 Safari/537.36','2025-06-28 08:36:59','2025-06-28 08:36:59'),(283,1,NULL,'user_status_change','Admin deactivated user: vioreta','::1','Mozilla/5.0 (Windows NT 10.0; Win64; x64) AppleWebKit/537.36 (KHTML, like Gecko) Chrome/136.0.0.0 Safari/537.36','2025-06-28 09:00:47','2025-06-28 09:00:47'),(284,1,NULL,'user_status_change','Admin activated user: vioreta','::1','Mozilla/5.0 (Windows NT 10.0; Win64; x64) AppleWebKit/537.36 (KHTML, like Gecko) Chrome/136.0.0.0 Safari/537.36','2025-06-28 09:00:49','2025-06-28 09:00:49'),(285,1,NULL,'user_status_change','Admin deactivated user: vioreta','::1','Mozilla/5.0 (Windows NT 10.0; Win64; x64) AppleWebKit/537.36 (KHTML, like Gecko) Chrome/136.0.0.0 Safari/537.36','2025-06-28 09:00:51','2025-06-28 09:00:51'),(286,1,NULL,'user_status_change','Admin activated user: vioreta','::1','Mozilla/5.0 (Windows NT 10.0; Win64; x64) AppleWebKit/537.36 (KHTML, like Gecko) Chrome/136.0.0.0 Safari/537.36','2025-06-28 09:00:51','2025-06-28 09:00:51'),(287,1,NULL,'user_status_change','Admin deactivated user: vioreta','::1','Mozilla/5.0 (Windows NT 10.0; Win64; x64) AppleWebKit/537.36 (KHTML, like Gecko) Chrome/136.0.0.0 Safari/537.36','2025-06-28 09:00:52','2025-06-28 09:00:52'),(288,1,NULL,'user_status_change','Admin activated user: vioreta','::1','Mozilla/5.0 (Windows NT 10.0; Win64; x64) AppleWebKit/537.36 (KHTML, like Gecko) Chrome/136.0.0.0 Safari/537.36','2025-06-28 09:00:53','2025-06-28 09:00:53'),(289,1,NULL,'logout','User logged out','::1','Mozilla/5.0 (Windows NT 10.0; Win64; x64) AppleWebKit/537.36 (KHTML, like Gecko) Chrome/136.0.0.0 Safari/537.36','2025-06-28 09:09:16','2025-06-28 09:09:16'),(290,8,NULL,'login','User logged in successfully','::1','Mozilla/5.0 (Windows NT 10.0; Win64; x64) AppleWebKit/537.36 (KHTML, like Gecko) Chrome/136.0.0.0 Safari/537.36','2025-06-28 09:09:20','2025-06-28 09:09:20'),(291,8,NULL,'logout','User logged out','::1','Mozilla/5.0 (Windows NT 10.0; Win64; x64) AppleWebKit/537.36 (KHTML, like Gecko) Chrome/136.0.0.0 Safari/537.36','2025-06-28 09:12:06','2025-06-28 09:12:06'),(292,1,NULL,'login','User logged in successfully','::1','Mozilla/5.0 (Windows NT 10.0; Win64; x64) AppleWebKit/537.36 (KHTML, like Gecko) Chrome/136.0.0.0 Safari/537.36','2025-06-28 09:12:11','2025-06-28 09:12:11'),(293,2,NULL,'login','User logged in successfully','::1','Mozilla/5.0 (Windows NT 10.0; Win64; x64) AppleWebKit/537.36 (KHTML, like Gecko) Chrome/137.0.0.0 Safari/537.36','2025-06-28 11:19:09','2025-06-28 11:19:09'),(294,1,NULL,'user_status_change','Admin deactivated user: vioreta','::1','Mozilla/5.0 (Windows NT 10.0; Win64; x64) AppleWebKit/537.36 (KHTML, like Gecko) Chrome/136.0.0.0 Safari/537.36','2025-06-28 11:26:13','2025-06-28 11:26:13'),(295,1,NULL,'user_status_change','Admin activated user: vioreta','::1','Mozilla/5.0 (Windows NT 10.0; Win64; x64) AppleWebKit/537.36 (KHTML, like Gecko) Chrome/136.0.0.0 Safari/537.36','2025-06-28 11:26:23','2025-06-28 11:26:23'),(296,2,NULL,'logout','User logged out','::1','Mozilla/5.0 (Windows NT 10.0; Win64; x64) AppleWebKit/537.36 (KHTML, like Gecko) Chrome/137.0.0.0 Safari/537.36','2025-06-28 11:29:58','2025-06-28 11:29:58'),(297,1,NULL,'logout','User logged out','::1','Mozilla/5.0 (Windows NT 10.0; Win64; x64) AppleWebKit/537.36 (KHTML, like Gecko) Chrome/136.0.0.0 Safari/537.36','2025-06-28 11:40:00','2025-06-28 11:40:00'),(298,8,NULL,'login','User logged in successfully','::1','Mozilla/5.0 (Windows NT 10.0; Win64; x64) AppleWebKit/537.36 (KHTML, like Gecko) Chrome/136.0.0.0 Safari/537.36','2025-06-28 11:40:02','2025-06-28 11:40:02'),(299,8,58,'sign','Document signed by: Vioreta Pakpahan','::1','Mozilla/5.0 (Windows NT 10.0; Win64; x64) AppleWebKit/537.36 (KHTML, like Gecko) Chrome/136.0.0.0 Safari/537.36','2025-06-28 11:40:13','2025-06-28 11:40:13'),(300,8,NULL,'logout','User logged out','::1','Mozilla/5.0 (Windows NT 10.0; Win64; x64) AppleWebKit/537.36 (KHTML, like Gecko) Chrome/136.0.0.0 Safari/537.36','2025-06-28 11:40:21','2025-06-28 11:40:21'),(301,1,NULL,'login','User logged in successfully','::1','Mozilla/5.0 (Windows NT 10.0; Win64; x64) AppleWebKit/537.36 (KHTML, like Gecko) Chrome/136.0.0.0 Safari/537.36','2025-06-28 11:40:26','2025-06-28 11:40:26'),(302,1,NULL,'logout','User logged out','::1','Mozilla/5.0 (Windows NT 10.0; Win64; x64) AppleWebKit/537.36 (KHTML, like Gecko) Chrome/136.0.0.0 Safari/537.36','2025-06-28 11:53:45','2025-06-28 11:53:45'),(303,8,NULL,'login','User logged in successfully','::1','Mozilla/5.0 (Windows NT 10.0; Win64; x64) AppleWebKit/537.36 (KHTML, like Gecko) Chrome/136.0.0.0 Safari/537.36','2025-06-28 11:53:49','2025-06-28 11:53:49'),(304,8,NULL,'logout','User logged out','::1','Mozilla/5.0 (Windows NT 10.0; Win64; x64) AppleWebKit/537.36 (KHTML, like Gecko) Chrome/136.0.0.0 Safari/537.36','2025-06-28 11:55:43','2025-06-28 11:55:43'),(305,1,NULL,'login','User logged in successfully','::1','Mozilla/5.0 (Windows NT 10.0; Win64; x64) AppleWebKit/537.36 (KHTML, like Gecko) Chrome/136.0.0.0 Safari/537.36','2025-06-28 11:55:50','2025-06-28 11:55:50'),(306,1,NULL,'user_status_change','Admin deactivated user: vioreta','::1','Mozilla/5.0 (Windows NT 10.0; Win64; x64) AppleWebKit/537.36 (KHTML, like Gecko) Chrome/136.0.0.0 Safari/537.36','2025-06-28 12:02:54','2025-06-28 12:02:54'),(307,1,NULL,'user_status_change','Admin activated user: vioreta','::1','Mozilla/5.0 (Windows NT 10.0; Win64; x64) AppleWebKit/537.36 (KHTML, like Gecko) Chrome/136.0.0.0 Safari/537.36','2025-06-28 12:02:55','2025-06-28 12:02:55'),(308,1,NULL,'user_status_change','Admin deactivated user: vioreta','::1','Mozilla/5.0 (Windows NT 10.0; Win64; x64) AppleWebKit/537.36 (KHTML, like Gecko) Chrome/136.0.0.0 Safari/537.36','2025-06-28 12:03:54','2025-06-28 12:03:54'),(309,1,NULL,'user_status_change','Admin activated user: vioreta','::1','Mozilla/5.0 (Windows NT 10.0; Win64; x64) AppleWebKit/537.36 (KHTML, like Gecko) Chrome/136.0.0.0 Safari/537.36','2025-06-28 12:03:55','2025-06-28 12:03:55'),(310,1,NULL,'user_status_change','Admin deactivated user: vioreta','::1','Mozilla/5.0 (Windows NT 10.0; Win64; x64) AppleWebKit/537.36 (KHTML, like Gecko) Chrome/136.0.0.0 Safari/537.36','2025-06-28 12:22:21','2025-06-28 12:22:21'),(311,1,NULL,'user_status_change','Admin activated user: vioreta','::1','Mozilla/5.0 (Windows NT 10.0; Win64; x64) AppleWebKit/537.36 (KHTML, like Gecko) Chrome/136.0.0.0 Safari/537.36','2025-06-28 12:22:23','2025-06-28 12:22:23'),(312,1,NULL,'user_status_change','Admin deactivated user: vioreta','::1','Mozilla/5.0 (Windows NT 10.0; Win64; x64) AppleWebKit/537.36 (KHTML, like Gecko) Chrome/136.0.0.0 Safari/537.36','2025-06-28 12:31:07','2025-06-28 12:31:07'),(313,1,NULL,'user_status_change','Admin activated user: vioreta','::1','Mozilla/5.0 (Windows NT 10.0; Win64; x64) AppleWebKit/537.36 (KHTML, like Gecko) Chrome/136.0.0.0 Safari/537.36','2025-06-28 12:31:08','2025-06-28 12:31:08'),(314,1,NULL,'logout','User logged out','::1','Mozilla/5.0 (Windows NT 10.0; Win64; x64) AppleWebKit/537.36 (KHTML, like Gecko) Chrome/136.0.0.0 Safari/537.36','2025-06-28 12:31:17','2025-06-28 12:31:17'),(315,1,NULL,'login','User logged in successfully','::1','Mozilla/5.0 (Windows NT 10.0; Win64; x64) AppleWebKit/537.36 (KHTML, like Gecko) Chrome/136.0.0.0 Safari/537.36','2025-06-28 12:33:51','2025-06-28 12:33:51'),(316,1,NULL,'logout','User logged out','::1','Mozilla/5.0 (Windows NT 10.0; Win64; x64) AppleWebKit/537.36 (KHTML, like Gecko) Chrome/136.0.0.0 Safari/537.36','2025-06-28 12:46:36','2025-06-28 12:46:36'),(317,NULL,NULL,'login_failed','Failed login attempt for username: user4','::1','Mozilla/5.0 (Windows NT 10.0; Win64; x64) AppleWebKit/537.36 (KHTML, like Gecko) Chrome/136.0.0.0 Safari/537.36','2025-06-28 12:46:43','2025-06-28 12:46:43'),(318,1,NULL,'login','User logged in successfully','::1','Mozilla/5.0 (Windows NT 10.0; Win64; x64) AppleWebKit/537.36 (KHTML, like Gecko) Chrome/136.0.0.0 Safari/537.36','2025-06-28 12:49:46','2025-06-28 12:49:46'),(319,1,NULL,'login','User logged in successfully','::1','Mozilla/5.0 (Windows NT 10.0; Win64; x64) AppleWebKit/537.36 (KHTML, like Gecko) Chrome/136.0.0.0 Safari/537.36','2025-06-29 00:33:52','2025-06-29 00:33:52'),(320,1,NULL,'user_update','Admin updated user: vioreta','::1','Mozilla/5.0 (Windows NT 10.0; Win64; x64) AppleWebKit/537.36 (KHTML, like Gecko) Chrome/136.0.0.0 Safari/537.36','2025-06-29 00:34:32','2025-06-29 00:34:32'),(321,1,NULL,'logout','User logged out','::1','Mozilla/5.0 (Windows NT 10.0; Win64; x64) AppleWebKit/537.36 (KHTML, like Gecko) Chrome/136.0.0.0 Safari/537.36','2025-06-29 00:34:35','2025-06-29 00:34:35'),(322,8,NULL,'login','User logged in successfully','::1','Mozilla/5.0 (Windows NT 10.0; Win64; x64) AppleWebKit/537.36 (KHTML, like Gecko) Chrome/136.0.0.0 Safari/537.36','2025-06-29 00:34:39','2025-06-29 00:34:39');
/*!40000 ALTER TABLE `audit_logs` ENABLE KEYS */;
UNLOCK TABLES;

--
-- Table structure for table `documents`
--

DROP TABLE IF EXISTS `documents`;
/*!40101 SET @saved_cs_client     = @@character_set_client */;
/*!40101 SET character_set_client = utf8 */;
CREATE TABLE `documents` (
  `id` int(11) unsigned NOT NULL AUTO_INCREMENT,
  `user_id` int(11) unsigned DEFAULT NULL COMMENT 'ID user pemilik dokumen',
  `filename` varchar(255) NOT NULL COMMENT 'Nama file yang disimpan di server',
  `original_name` varchar(255) NOT NULL COMMENT 'Nama file asli dari user',
  `original_path` varchar(500) NOT NULL COMMENT 'Path file asli',
  `signed_path` varchar(500) DEFAULT NULL COMMENT 'Path file yang sudah ditandatangani',
  `file_size` int(11) NOT NULL COMMENT 'Ukuran file dalam bytes',
  `is_signed` tinyint(1) NOT NULL DEFAULT 0 COMMENT 'Status tanda tangan (0=belum, 1=sudah)',
  `upload_date` timestamp NOT NULL DEFAULT current_timestamp() COMMENT 'Tanggal upload',
  `created_at` timestamp NULL DEFAULT NULL,
  `updated_at` timestamp NULL DEFAULT NULL,
  PRIMARY KEY (`id`),
  KEY `idx_is_signed` (`is_signed`),
  KEY `idx_upload_date` (`upload_date`),
  KEY `idx_filename` (`filename`),
  KEY `idx_user_id` (`user_id`),
  CONSTRAINT `fk_documents_user_id` FOREIGN KEY (`user_id`) REFERENCES `users` (`id`) ON DELETE SET NULL ON UPDATE CASCADE
) ENGINE=InnoDB AUTO_INCREMENT=59 DEFAULT CHARSET=utf8mb4 COLLATE=utf8mb4_general_ci;
/*!40101 SET character_set_client = @saved_cs_client */;

--
-- Dumping data for table `documents`
--

LOCK TABLES `documents` WRITE;
/*!40000 ALTER TABLE `documents` DISABLE KEYS */;
INSERT INTO `documents` VALUES (50,2,'1750923453_417e4dd1a6739cc21542.pdf','sertifikat 1.pdf','writable/uploads/documents/1750923453_417e4dd1a6739cc21542.pdf','writable/uploads/signed/signed_1750923636_1750923453_417e4dd1a6739cc21542.pdf',577815,1,'2025-06-26 00:37:33','2025-06-26 00:37:33','2025-06-26 00:40:36'),(51,8,'1751000304_14c7ca951b65b297dd4e.pdf','Paragraf_Dua_QRCode_TTDigital.pdf','writable/uploads/documents/1751000304_14c7ca951b65b297dd4e.pdf','writable/uploads/signed/signed_1751000312_1751000304_14c7ca951b65b297dd4e.pdf',1309,1,'2025-06-26 21:58:24','2025-06-26 21:58:24','2025-06-26 21:58:32'),(52,8,'1751102923_fc8823701111bb54185e.pdf','Paragraf_Tanda_Tangan_Digital.pdf','writable/uploads/documents/1751102923_fc8823701111bb54185e.pdf','writable/uploads/signed/signed_1751102939_1751102923_fc8823701111bb54185e.pdf',1344,1,'2025-06-28 02:28:43','2025-06-28 02:28:43','2025-06-28 02:28:59'),(57,2,'1751122533_a651c199067f26ecac91.pdf','paragraf.pdf','writable/uploads/documents/1751122533_a651c199067f26ecac91.pdf','writable/uploads/signed/signed_1751122540_1751122533_a651c199067f26ecac91.pdf',33756,1,'2025-06-28 07:55:33','2025-06-28 07:55:33','2025-06-28 07:55:41'),(58,8,'1751122937_40452b0ff717bd74da3a.pdf','semoga ada qr.pdf','writable/uploads/documents/1751122937_40452b0ff717bd74da3a.pdf','writable/uploads/signed/signed_1751136013_1751122937_40452b0ff717bd74da3a.pdf',33976,1,'2025-06-28 08:02:17','2025-06-28 08:02:17','2025-06-28 11:40:13');
/*!40000 ALTER TABLE `documents` ENABLE KEYS */;
UNLOCK TABLES;

--
-- Table structure for table `migrations`
--

DROP TABLE IF EXISTS `migrations`;
/*!40101 SET @saved_cs_client     = @@character_set_client */;
/*!40101 SET character_set_client = utf8 */;
CREATE TABLE `migrations` (
  `id` bigint(20) unsigned NOT NULL AUTO_INCREMENT,
  `version` varchar(255) NOT NULL,
  `class` varchar(255) NOT NULL,
  `group` varchar(255) NOT NULL,
  `namespace` varchar(255) NOT NULL,
  `time` int(11) NOT NULL,
  `batch` int(11) unsigned NOT NULL,
  PRIMARY KEY (`id`)
) ENGINE=InnoDB AUTO_INCREMENT=6 DEFAULT CHARSET=utf8mb4 COLLATE=utf8mb4_general_ci;
/*!40101 SET character_set_client = @saved_cs_client */;

--
-- Dumping data for table `migrations`
--

LOCK TABLES `migrations` WRITE;
/*!40000 ALTER TABLE `migrations` DISABLE KEYS */;
INSERT INTO `migrations` VALUES (1,'2025-06-27-084701','App\\Database\\Migrations\\CreateUsersTable','default','App',1751015175,1),(2,'2025-06-27-084717','App\\Database\\Migrations\\CreateDocumentsTable','default','App',1751015175,1),(3,'2025-06-27-084805','App\\Database\\Migrations\\CreateSignaturesTable','default','App',1751015175,1),(4,'2025-06-27-084818','App\\Database\\Migrations\\CreateAuditLogsTable','default','App',1751015175,1);
/*!40000 ALTER TABLE `migrations` ENABLE KEYS */;
UNLOCK TABLES;

--
-- Table structure for table `signatures`
--

DROP TABLE IF EXISTS `signatures`;
/*!40101 SET @saved_cs_client     = @@character_set_client */;
/*!40101 SET character_set_client = utf8 */;
CREATE TABLE `signatures` (
  `id` int(11) unsigned NOT NULL AUTO_INCREMENT,
  `document_id` int(11) unsigned NOT NULL COMMENT 'ID dokumen yang ditandatangani',
  `signer_name` varchar(255) NOT NULL COMMENT 'Nama penandatangan',
  `signer_position` varchar(255) NOT NULL COMMENT 'Posisi/jabatan penandatangan',
  `signer_email` varchar(255) NOT NULL COMMENT 'Email penandatangan',
  `verification_code` varchar(100) NOT NULL COMMENT 'Kode verifikasi unik',
  `qr_code_path` varchar(500) NOT NULL COMMENT 'Path file QR code',
  `signature_date` timestamp NOT NULL DEFAULT current_timestamp() COMMENT 'Tanggal tanda tangan',
  `ip_address` varchar(45) NOT NULL COMMENT 'IP address penandatangan',
  `user_agent` text NOT NULL COMMENT 'User agent browser',
  `created_at` timestamp NULL DEFAULT NULL,
  `updated_at` timestamp NULL DEFAULT NULL,
  PRIMARY KEY (`id`),
  UNIQUE KEY `verification_code` (`verification_code`),
  UNIQUE KEY `unique_verification_code` (`verification_code`),
  KEY `idx_document_id` (`document_id`),
  KEY `idx_signer_email` (`signer_email`),
  KEY `idx_signature_date` (`signature_date`),
  CONSTRAINT `fk_signatures_document_id` FOREIGN KEY (`document_id`) REFERENCES `documents` (`id`) ON DELETE CASCADE ON UPDATE CASCADE
) ENGINE=InnoDB AUTO_INCREMENT=37 DEFAULT CHARSET=utf8mb4 COLLATE=utf8mb4_general_ci;
/*!40101 SET character_set_client = @saved_cs_client */;

--
-- Dumping data for table `signatures`
--

LOCK TABLES `signatures` WRITE;
/*!40000 ALTER TABLE `signatures` DISABLE KEYS */;
INSERT INTO `signatures` VALUES (31,50,'John Doe','Manager','user1@example.com','F0181CC0F2357F07','writable/uploads/qrcodes/qr_F0181CC0F2357F07.png','2025-06-26 00:40:36','::1','Mozilla/5.0 (Windows NT 10.0; Win64; x64) AppleWebKit/537.36 (KHTML, like Gecko) Chrome/136.0.0.0 Safari/537.36','2025-06-26 00:40:36','2025-06-26 00:40:36'),(32,51,'Vioreta Yelian','Manager','vioreta@gmail.com','1717CC425EED6546','writable/uploads/qrcodes/qr_1717CC425EED6546.png','2025-06-26 21:58:32','::1','Mozilla/5.0 (Windows NT 10.0; Win64; x64) AppleWebKit/537.36 (KHTML, like Gecko) Chrome/136.0.0.0 Safari/537.36','2025-06-26 21:58:32','2025-06-26 21:58:32'),(33,52,'Vioreta Keren','Partner','vioreta@yahoo.com','3AA6252419584A22','writable/uploads/qrcodes/qr_3AA6252419584A22.png','2025-06-28 02:28:59','::1','Mozilla/5.0 (Windows NT 10.0; Win64; x64) AppleWebKit/537.36 (KHTML, like Gecko) Chrome/136.0.0.0 Safari/537.36','2025-06-28 02:28:59','2025-06-28 02:28:59'),(35,57,'John Doe','Manager','user1@example.com','358A049CFFE17EFE','writable/uploads/qrcodes/qr_358A049CFFE17EFE.png','2025-06-28 07:55:40','::1','Mozilla/5.0 (Windows NT 10.0; Win64; x64) AppleWebKit/537.36 (KHTML, like Gecko) Chrome/136.0.0.0 Safari/537.36','2025-06-28 07:55:40','2025-06-28 07:55:40'),(36,58,'Vioreta Pakpahan','Partner','vioreta@yahoo.com','D989C7F046B078F6','writable/uploads/qrcodes/qr_D989C7F046B078F6.png','2025-06-28 11:40:13','::1','Mozilla/5.0 (Windows NT 10.0; Win64; x64) AppleWebKit/537.36 (KHTML, like Gecko) Chrome/136.0.0.0 Safari/537.36','2025-06-28 11:40:13','2025-06-28 11:40:13');
/*!40000 ALTER TABLE `signatures` ENABLE KEYS */;
UNLOCK TABLES;

--
-- Table structure for table `users`
--

DROP TABLE IF EXISTS `users`;
/*!40101 SET @saved_cs_client     = @@character_set_client */;
/*!40101 SET character_set_client = utf8 */;
CREATE TABLE `users` (
  `id` int(11) unsigned NOT NULL AUTO_INCREMENT,
  `username` varchar(50) NOT NULL COMMENT 'Username untuk login',
  `email` varchar(100) NOT NULL COMMENT 'Email user',
  `password_hash` varchar(255) NOT NULL COMMENT 'Hash password',
  `full_name` varchar(100) NOT NULL COMMENT 'Nama lengkap user',
  `role` enum('user','admin') NOT NULL DEFAULT 'user' COMMENT 'Role user: user atau admin',
  `is_active` tinyint(1) NOT NULL DEFAULT 1 COMMENT 'Status aktif user',
  `created_at` timestamp NULL DEFAULT NULL,
  `updated_at` timestamp NULL DEFAULT NULL,
  PRIMARY KEY (`id`),
  UNIQUE KEY `username` (`username`),
  UNIQUE KEY `email` (`email`),
  UNIQUE KEY `unique_username` (`username`),
  UNIQUE KEY `unique_email` (`email`),
  KEY `idx_role` (`role`),
  KEY `idx_is_active` (`is_active`)
) ENGINE=InnoDB AUTO_INCREMENT=9 DEFAULT CHARSET=utf8mb4 COLLATE=utf8mb4_general_ci;
/*!40101 SET character_set_client = @saved_cs_client */;

--
-- Dumping data for table `users`
--

LOCK TABLES `users` WRITE;
/*!40000 ALTER TABLE `users` DISABLE KEYS */;
INSERT INTO `users` VALUES (1,'admin','admin@digitalsign.com','$2y$10$92IXUNpkjO0rOQ5byMi.Ye4oKoEa3Ro9llC/.og/at2.uheWG/igi','System Administrator','admin',1,'2025-06-25 11:51:10',NULL),(2,'user1','user1@example.com','$2y$10$92IXUNpkjO0rOQ5byMi.Ye4oKoEa3Ro9llC/.og/at2.uheWG/igi','John Doe','user',1,'2025-06-25 11:51:10','2025-06-26 22:04:58'),(3,'user2','user2@example.com','$2y$10$92IXUNpkjO0rOQ5byMi.Ye4oKoEa3Ro9llC/.og/at2.uheWG/igi','Jane Doe','user',1,'2025-06-25 11:51:10','2025-06-27 01:25:27'),(8,'vioreta','vioreta@yahoo.com','$2y$10$LLMEexq/7HVCtH/x89tbCuCwZ1IV3UDt7rVMpPBbue9Q0duzPwe7q','Vioreta Cantik','user',1,'2025-06-26 21:47:05','2025-06-26 22:20:06');
/*!40000 ALTER TABLE `users` ENABLE KEYS */;
UNLOCK TABLES;

--
-- Dumping events for database 'digital_signature'
--

--
-- Dumping routines for database 'digital_signature'
--
/*!40103 SET TIME_ZONE=@OLD_TIME_ZONE */;

/*!40101 SET SQL_MODE=@OLD_SQL_MODE */;
/*!40014 SET FOREIGN_KEY_CHECKS=@OLD_FOREIGN_KEY_CHECKS */;
/*!40014 SET UNIQUE_CHECKS=@OLD_UNIQUE_CHECKS */;
/*!40101 SET CHARACTER_SET_CLIENT=@OLD_CHARACTER_SET_CLIENT */;
/*!40101 SET CHARACTER_SET_RESULTS=@OLD_CHARACTER_SET_RESULTS */;
/*!40101 SET COLLATION_CONNECTION=@OLD_COLLATION_CONNECTION */;
/*!40111 SET SQL_NOTES=@OLD_SQL_NOTES */;

-- Dump completed on 2025-06-29 19:30:07
